<?xml version="1.0" encoding="utf-8" ?>
<dwsync>
<file name="imagesloaded.js" server="www.meecreative.com" local="130632415200000000" remote="130632415200000000" />
<file name="jquery.carouFredSel-6.2.1.js" server="www.meecreative.com" local="130632415200000000" remote="130632415200000000" />
<file name="jquery.infinitescroll.js" server="www.meecreative.com" local="130632415200000000" remote="130632415200000000" />
<file name="jquery.slicknav.js" server="www.meecreative.com" local="130632415200000000" remote="130632415200000000" />
<file name="masonry.js" server="www.meecreative.com" local="130632415200000000" remote="130632415200000000" />
<file name="masonry.pkgd.min.js" server="www.meecreative.com" local="130632415200000000" remote="130632415200000000" />
<file name="retina-1.1.0.min.js" server="www.meecreative.com" local="130632415200000000" remote="130632415200000000" />
<file name="scripts.js" server="www.meecreative.com" local="130632415200000000" remote="130632415200000000" />
<file name="imagesloaded.js" server="dessign.net/httpdocs/" local="130632415200000000" remote="130692848400000000" />
<file name="jquery.carouFredSel-6.2.1.js" server="dessign.net/httpdocs/" local="130632415200000000" remote="130692848400000000" />
<file name="jquery.infinitescroll.js" server="dessign.net/httpdocs/" local="130632415200000000" remote="130692848400000000" />
<file name="jquery.slicknav.js" server="dessign.net/httpdocs/" local="130632415200000000" remote="130692848400000000" />
<file name="masonry.js" server="dessign.net/httpdocs/" local="130632415200000000" remote="130692848400000000" />
<file name="masonry.pkgd.min.js" server="dessign.net/httpdocs/" local="130632415200000000" remote="130692848400000000" />
<file name="retina-1.1.0.min.js" server="dessign.net/httpdocs/" local="130632415200000000" remote="130692848400000000" />
<file name="scripts.js" server="dessign.net/httpdocs/" local="130632415200000000" remote="130692848400000000" />
</dwsync>