<?xml version="1.0" encoding="utf-8" ?>
<dwsync>
<file name="archive-product-BACKUP.php" server="www.meecreative.com" local="130476277800000000" remote="130476277800000000" />
<file name="archive-product.php" server="www.meecreative.com" local="130476277800000000" remote="130476277800000000" />
<file name="archive-product__.php" server="www.meecreative.com" local="130475295600000000" remote="130475295600000000" />
<file name="content-product-archive.php" server="www.meecreative.com" local="130476277800000000" remote="130476277800000000" />
<file name="content-product-home.php" server="www.meecreative.com" local="130476277800000000" remote="130476277800000000" />
<file name="content-product.php" server="www.meecreative.com" local="130476277800000000" remote="130476277800000000" />
<file name="single-product.php" server="www.meecreative.com" local="130476277800000000" remote="130476277800000000" />
<file name="archive-product-BACKUP.php" server="dessign.net/httpdocs/" local="130481271000000000" remote="130703240400000000" />
<file name="archive-product.php" server="dessign.net/httpdocs/" local="130704254890025831" remote="130704254400000000" />
<file name="archive-product__.php" server="dessign.net/httpdocs/" local="130481271000000000" remote="130703240400000000" />
<file name="content-product-archive.php" server="dessign.net/httpdocs/" local="130703253913390241" remote="130703253600000000" />
<file name="content-product-home.php" server="dessign.net/httpdocs/" local="130703253783572815" remote="130703253600000000" />
<file name="content-product.php" server="dessign.net/httpdocs/" local="130481271000000000" remote="130703240400000000" />
<file name="single-product.php" server="dessign.net/httpdocs/" local="130481271000000000" remote="130703240400000000" />
</dwsync>