<?xml version="1.0" encoding="utf-8" ?>
<dwsync>
<file name="jquery.infinitescroll.js" server="www.meecreative.com" local="130363833600000000" remote="130363833600000000" />
<file name="jquery.js" server="www.meecreative.com" local="130363833600000000" remote="130363833600000000" />
<file name="jquery.slicknav.js" server="www.meecreative.com" local="130363833600000000" remote="130363833600000000" />
<file name="retina-1.1.0.min.js" server="www.meecreative.com" local="130363833600000000" remote="130363833600000000" />
<file name="scripts.js" server="www.meecreative.com" local="130363833600000000" remote="130363833600000000" />
<file name="jquery.infinitescroll.js" server="dessign.net/httpdocs/" local="130363833600000000" remote="130367884200000000" />
<file name="jquery.js" server="dessign.net/httpdocs/" local="130363833600000000" remote="130367884200000000" />
<file name="jquery.slicknav.js" server="dessign.net/httpdocs/" local="130367832010000000" remote="130367884200000000" />
<file name="retina-1.1.0.min.js" server="dessign.net/httpdocs/" local="130363833600000000" remote="130367884200000000" />
<file name="scripts.js" server="dessign.net/httpdocs/" local="130363833600000000" remote="130367884200000000" />
<file name="slippry.js" server="dessign.net/httpdocs/" local="130363833600000000" remote="130367884200000000" />
</dwsync>