<?xml version="1.0" encoding="utf-8" ?>
<dwsync>
<file name="arrows.svg" server="www.meecreative.com" local="130476277200000000" remote="130476277200000000" />
<file name="flickerplate.css" server="www.meecreative.com" local="130476277200000000" remote="130476277200000000" />
<file name="mobile.css" server="www.meecreative.com" local="130476277200000000" remote="130476277200000000" />
<file name="slicknav.css" server="www.meecreative.com" local="130476277200000000" remote="130476277200000000" />
<file name="arrows.svg" server="dessign.net/httpdocs/" local="130481271000000000" remote="130703240400000000" />
<file name="flickerplate.css" server="dessign.net/httpdocs/" local="130481271000000000" remote="130703240400000000" />
<file name="mobile.css" server="dessign.net/httpdocs/" local="130704265234117479" remote="130704265200000000" />
<file name="slicknav.css" server="dessign.net/httpdocs/" local="130481271000000000" remote="130703240400000000" />
</dwsync>