<?xml version="1.0" encoding="utf-8" ?>
<dwsync>
<file name="arrows.svg" server="www.meecreative.com" local="130632415200000000" remote="130632415200000000" />
<file name="mobile.css" server="www.meecreative.com" local="130632415200000000" remote="130632415200000000" />
<file name="slicknav.css" server="www.meecreative.com" local="130632415200000000" remote="130632415200000000" />
<file name="sy-loader.gif" server="www.meecreative.com" local="130632415200000000" remote="130632415200000000" />
<file name="waterfall.css" server="www.meecreative.com" local="130632415200000000" remote="130632415200000000" />
<file name="arrows.svg" server="dessign.net/httpdocs/" local="130632415200000000" remote="130692848400000000" />
<file name="mobile.css" server="dessign.net/httpdocs/" local="130692974835948647" remote="130692974400000000" />
<file name="slicknav.css" server="dessign.net/httpdocs/" local="130632415200000000" remote="130692848400000000" />
<file name="sy-loader.gif" server="dessign.net/httpdocs/" local="130632415200000000" remote="130692848400000000" />
<file name="waterfall.css" server="dessign.net/httpdocs/" local="130632415200000000" remote="130692848400000000" />
</dwsync>