<?xml version="1.0" encoding="utf-8" ?>
<dwsync>
<file name="cufon.js" server="www.meecreative.com" local="130476277200000000" remote="130476277200000000" />
<file name="local.js" server="www.meecreative.com" local="130476277200000000" remote="130476277200000000" />
<file name="manual-trigger.js" server="www.meecreative.com" local="130476277200000000" remote="130476277200000000" />
<file name="masonry-isotope.js" server="www.meecreative.com" local="130476277200000000" remote="130476277200000000" />
<file name="sausage.js" server="www.meecreative.com" local="130476277200000000" remote="130476277200000000" />
<file name="cufon.js" server="dessign.net/httpdocs/" local="130481271000000000" remote="130703240400000000" />
<file name="local.js" server="dessign.net/httpdocs/" local="130481271000000000" remote="130703240400000000" />
<file name="manual-trigger.js" server="dessign.net/httpdocs/" local="130481271000000000" remote="130703240400000000" />
<file name="masonry-isotope.js" server="dessign.net/httpdocs/" local="130481271000000000" remote="130703240400000000" />
<file name="sausage.js" server="dessign.net/httpdocs/" local="130481271000000000" remote="130703240400000000" />
</dwsync>