<?xml version="1.0" encoding="utf-8" ?>
<dwsync>
<file name="flickerplate.min.js" server="www.meecreative.com" local="130476277200000000" remote="130476277200000000" />
<file name="jquery-finger-v0.1.0.min.js" server="www.meecreative.com" local="130476277200000000" remote="130476277200000000" />
<file name="jquery.infinitescroll.js" server="www.meecreative.com" local="130476277800000000" remote="130476277800000000" />
<file name="jquery.slicknav.js" server="www.meecreative.com" local="130476277800000000" remote="130476277800000000" />
<file name="modernizr-custom-v2.7.1.min.js" server="www.meecreative.com" local="130476277800000000" remote="130476277800000000" />
<file name="scripts.js" server="www.meecreative.com" local="130476277800000000" remote="130476277800000000" />
<file name="flickerplate.min.js" server="dessign.net/httpdocs/" local="130481809800000000" remote="130703240400000000" />
<file name="jquery-finger-v0.1.0.min.js" server="dessign.net/httpdocs/" local="130481809800000000" remote="130703240400000000" />
<file name="jquery.infinitescroll.js" server="dessign.net/httpdocs/" local="130481809800000000" remote="130703240400000000" />
<file name="jquery.slicknav.js" server="dessign.net/httpdocs/" local="130481809800000000" remote="130703240400000000" />
<file name="modernizr-custom-v2.7.1.min.js" server="dessign.net/httpdocs/" local="130481809800000000" remote="130703240400000000" />
<file name="scripts.js" server="dessign.net/httpdocs/" local="130481809800000000" remote="130703240400000000" />
<file name="retina-1.1.0.min.js" server="dessign.net/httpdocs/" local="130481809800000000" remote="130703240400000000" />
</dwsync>